{"cameraMode":{"drawMode":0,"name":"Shaded","section":"Shading Mode"},"sceneLighting":false,"audioPlay":false,"sceneViewState":{"m_AlwaysRefresh":false,"showFog":true,"showSkybox":true,"showFlares":true,"showImageEffects":true,"showParticleSystems":true,"showVisualEffectGraphs":true,"m_FxEnabled":true},"in2DMode":false,"pivot":{"x":-3.948601722717285,"y":0.004536747932434082,"z":-5.706124305725098},"rotation":{"x":-0.00011415610060794279,"y":0.9223923683166504,"z":-0.3863001763820648,"w":-0.0002758726477622986},"size":4.6345648765563969,"orthographic":false}